time,CO2 IN PPM
1531211575,"704
"
time,CO2 IN PPM
1531211660,"694
"
time,CO2 IN PPM
1531211744,"705
"
time,CO2 IN PPM
1531211829,"703
"
time,CO2 IN PPM
1531211913,"700
"
time,CO2 IN PPM
1531211998,"695
"
time,CO2 IN PPM
1531212082,"701
"
time,CO2 IN PPM
1531212167,"730
"
time,CO2 IN PPM
1531212251,"708
"
time,CO2 IN PPM
1531212336,"700
"
time,CO2 IN PPM
1531212420,"741
"
time,CO2 IN PPM
1531212505,"750
"
time,CO2 IN PPM
1531212589,"733
"
time,CO2 IN PPM
1531212674,"718
"
time,CO2 IN PPM
1531212758,"755
"
time,CO2 IN PPM
1531212843,"752
"
time,CO2 IN PPM
1531212927,"725
"
time,CO2 IN PPM
1531213012,"714
"
time,CO2 IN PPM
1531213097,"699
"
time,CO2 IN PPM
1531213181,"744
"
time,CO2 IN PPM
1531213266,"714
"
time,CO2 IN PPM
1531213350,"726
"
time,CO2 IN PPM
1531213435,"721
"
time,CO2 IN PPM
1531213519,"716
"
time,CO2 IN PPM
1531213604,"744
"
time,CO2 IN PPM
1531213688,"723
"
time,CO2 IN PPM
1531213773,"722
"
time,CO2 IN PPM
1531213857,"723
"
time,CO2 IN PPM
1531213942,"719
"
time,CO2 IN PPM
1531214026,"740
"
time,CO2 IN PPM
1531214111,"708
"
time,CO2 IN PPM
1531214195,"712
"
time,CO2 IN PPM
1531214280,"709
"
time,CO2 IN PPM
1531214364,"711
"
time,CO2 IN PPM
1531214449,"719
"
time,CO2 IN PPM
1531214533,"717
"
time,CO2 IN PPM
1531214618,"718
"
time,CO2 IN PPM
1531214702,"747
"
time,CO2 IN PPM
1531214787,"721
"
time,CO2 IN PPM
1531214871,"705
"
time,CO2 IN PPM
1531214956,"697
"
time,CO2 IN PPM
1531215041,"724
"
time,CO2 IN PPM
1531215125,"706
"
time,CO2 IN PPM
1531215210,"716
"
time,CO2 IN PPM
1531215294,"722
"
time,CO2 IN PPM
1531215379,"710
"
time,CO2 IN PPM
1531215463,"706
"
time,CO2 IN PPM
1531215548,"711
"
time,CO2 IN PPM
1531215632,"705
"
time,CO2 IN PPM
1531215717,"699
"
time,CO2 IN PPM
1531215801,"699
"
time,CO2 IN PPM
1531215886,"689
"
time,CO2 IN PPM
1531215970,"691
"
time,CO2 IN PPM
1531216055,"685
"
time,CO2 IN PPM
1531216139,"703
"
time,CO2 IN PPM
1531216224,"699
"
time,CO2 IN PPM
1531216308,"694
"
time,CO2 IN PPM
1531216393,"672
"
time,CO2 IN PPM
1531216477,"688
"
time,CO2 IN PPM
1531216562,"681
"
time,CO2 IN PPM
1531216646,"670
"
time,CO2 IN PPM
1531216731,"684
"
time,CO2 IN PPM
1531216815,"670
"
time,CO2 IN PPM
1531216900,"683
"
time,CO2 IN PPM
1531216985,"680
"
time,CO2 IN PPM
1531217069,"699
"
time,CO2 IN PPM
1531217154,"718
"
time,CO2 IN PPM
1531217238,"691
"
time,CO2 IN PPM
1531217323,"693
"
time,CO2 IN PPM
1531217407,"686
"
time,CO2 IN PPM
1531217492,"676
"
time,CO2 IN PPM
1531217576,"696
"
time,CO2 IN PPM
1531217661,"688
"
time,CO2 IN PPM
1531217745,"703
"
time,CO2 IN PPM
1531217830,"719
"
time,CO2 IN PPM
1531217914,"690
"
time,CO2 IN PPM
1531217999,"677
"
time,CO2 IN PPM
1531218083,"689
"
time,CO2 IN PPM
1531218168,"681
"
time,CO2 IN PPM
1531218252,"667
"
time,CO2 IN PPM
1531218337,"662
"
time,CO2 IN PPM
1531218421,"668
"
time,CO2 IN PPM
1531218506,"661
"
time,CO2 IN PPM
1531218590,"667
"
time,CO2 IN PPM
1531218675,"659
"
time,CO2 IN PPM
1531218760,"657
"
time,CO2 IN PPM
1531218844,"659
"
time,CO2 IN PPM
1531218929,"651
"
time,CO2 IN PPM
1531219013,"659
"
time,CO2 IN PPM
1531219098,"649
"
time,CO2 IN PPM
1531219182,"649
"
time,CO2 IN PPM
1531219267,"652
"
time,CO2 IN PPM
1531219351,"660
"
time,CO2 IN PPM
1531219436,"644
"
time,CO2 IN PPM
1531219520,"640
"
time,CO2 IN PPM
1531219605,"658
"
time,CO2 IN PPM
1531219689,"638
"
time,CO2 IN PPM
1531219774,"633
"
time,CO2 IN PPM
1531219858,"644
"
time,CO2 IN PPM
1531219943,"647
"
time,CO2 IN PPM
1531220027,"634
"
time,CO2 IN PPM
1531220112,"628
"
time,CO2 IN PPM
1531220196,"643
"
time,CO2 IN PPM
1531220281,"625
"
time,CO2 IN PPM
1531220365,"626
"
time,CO2 IN PPM
1531220450,"626
"
time,CO2 IN PPM
1531220534,"627
"
time,CO2 IN PPM
1531220619,"605
"
time,CO2 IN PPM
1531220704,"611
"
time,CO2 IN PPM
1531220788,"604
"
time,CO2 IN PPM
1531220873,"607
"
time,CO2 IN PPM
1531220957,"618
"
time,CO2 IN PPM
1531221042,"608
"
time,CO2 IN PPM
1531221126,"609
"
time,CO2 IN PPM
1531221211,"603
"
time,CO2 IN PPM
1531221295,"597
"
time,CO2 IN PPM
1531221380,"605
"
time,CO2 IN PPM
1531221464,"613
"
time,CO2 IN PPM
1531221549,"586
"
time,CO2 IN PPM
1531221633,"593
"
time,CO2 IN PPM
1531221718,"595
"
time,CO2 IN PPM
1531221802,"589
"
time,CO2 IN PPM
1531221887,"589
"
time,CO2 IN PPM
1531221971,"598
"
time,CO2 IN PPM
1531222056,"594
"
time,CO2 IN PPM
1531222140,"575
"
time,CO2 IN PPM
1531222225,"592
"
time,CO2 IN PPM
1531222310,"565
"
time,CO2 IN PPM
1531222394,"570
"
time,CO2 IN PPM
1531222479,"572
"
time,CO2 IN PPM
1531222563,"575
"
time,CO2 IN PPM
1531222648,"559
"
time,CO2 IN PPM
1531222732,"573
"
time,CO2 IN PPM
1531222817,"576
"
time,CO2 IN PPM
1531222901,"577
"
time,CO2 IN PPM
1531222986,"570
"
time,CO2 IN PPM
1531223070,"556
"
time,CO2 IN PPM
1531223155,"565
"
time,CO2 IN PPM
1531223239,"571
"
time,CO2 IN PPM
1531223324,"578
"
time,CO2 IN PPM
1531223408,"555
"
time,CO2 IN PPM
1531223493,"553
"
time,CO2 IN PPM
1531223577,"557
"
time,CO2 IN PPM
1531223662,"568
"
time,CO2 IN PPM
1531223746,"557
"
time,CO2 IN PPM
1531223831,"559
"
time,CO2 IN PPM
1531223915,"562
"
time,CO2 IN PPM
1531224000,"558
"
time,CO2 IN PPM
1531224084,"542
"
time,CO2 IN PPM
1531224169,"554
"
time,CO2 IN PPM
1531224254,"558
"
time,CO2 IN PPM
1531224338,"555
"
time,CO2 IN PPM
1531224423,"560
"
time,CO2 IN PPM
1531224507,"539
"
time,CO2 IN PPM
1531224592,"548
"
time,CO2 IN PPM
1531224676,"541
"
time,CO2 IN PPM
1531224761,"543
"
time,CO2 IN PPM
1531224845,"542
"
time,CO2 IN PPM
1531224930,"546
"
time,CO2 IN PPM
1531225014,"549
"
time,CO2 IN PPM
1531225099,"549
"
time,CO2 IN PPM
1531225183,"537
"
time,CO2 IN PPM
1531225268,"545
"
time,CO2 IN PPM
1531225352,"531
"
time,CO2 IN PPM
1531225437,"537
"
time,CO2 IN PPM
1531225521,"548
"
time,CO2 IN PPM
1531225606,"526
"
time,CO2 IN PPM
1531225690,"544
"
time,CO2 IN PPM
1531225775,"534
"
time,CO2 IN PPM
1531225859,"521
"
time,CO2 IN PPM
1531225944,"526
"
time,CO2 IN PPM
1531226028,"519
"
time,CO2 IN PPM
1531226113,"518
"
time,CO2 IN PPM
1531226198,"525
"
time,CO2 IN PPM
1531226282,"532
"
time,CO2 IN PPM
1531226367,"529
"
time,CO2 IN PPM
1531226451,"531
"
time,CO2 IN PPM
1531226536,"522
"
time,CO2 IN PPM
1531226620,"536
"
time,CO2 IN PPM
1531226705,"523
"
time,CO2 IN PPM
1531226789,"521
"
time,CO2 IN PPM
1531226874,"523
"
time,CO2 IN PPM
1531226958,"516
"
time,CO2 IN PPM
1531227043,"516
"
time,CO2 IN PPM
1531227127,"518
"
time,CO2 IN PPM
1531227212,"512
"
time,CO2 IN PPM
1531227296,"516
"
time,CO2 IN PPM
1531227381,"525
"
time,CO2 IN PPM
1531227465,"520
"
time,CO2 IN PPM
1531227550,"522
"
time,CO2 IN PPM
1531227634,"517
"
time,CO2 IN PPM
1531227719,"527
"
time,CO2 IN PPM
1531227803,"515
"
time,CO2 IN PPM
1531227888,"510
"
time,CO2 IN PPM
1531227972,"512
"
time,CO2 IN PPM
1531228057,"514
"
time,CO2 IN PPM
1531228142,"510
"
time,CO2 IN PPM
1531228226,"503
"
time,CO2 IN PPM
1531228311,"510
"
time,CO2 IN PPM
1531228395,"503
"
time,CO2 IN PPM
1531228480,"505
"
time,CO2 IN PPM
1531228564,"508
"
time,CO2 IN PPM
1531228649,"500
"
time,CO2 IN PPM
1531228733,"498
"
time,CO2 IN PPM
1531228818,"498
"
time,CO2 IN PPM
1531228902,"494
"
time,CO2 IN PPM
1531228987,"496
"
time,CO2 IN PPM
1531229071,"506
"
time,CO2 IN PPM
1531229156,"499
"
time,CO2 IN PPM
1531229240,"506
"
time,CO2 IN PPM
1531229325,"485
"
time,CO2 IN PPM
1531229409,"493
"
time,CO2 IN PPM
1531229494,"505
"
time,CO2 IN PPM
1531229578,"488
"
time,CO2 IN PPM
1531229663,"496
"
time,CO2 IN PPM
1531229747,"492
"
time,CO2 IN PPM
1531229832,"491
"
time,CO2 IN PPM
1531229916,"493
"
time,CO2 IN PPM
1531230001,"492
"
time,CO2 IN PPM
1531230086,"480
"
time,CO2 IN PPM
1531230170,"485
"
time,CO2 IN PPM
1531230255,"477
"
time,CO2 IN PPM
1531230339,"481
"
time,CO2 IN PPM
1531230424,"490
"
time,CO2 IN PPM
1531230508,"491
"
time,CO2 IN PPM
1531230593,"487
"
time,CO2 IN PPM
1531230677,"477
"
time,CO2 IN PPM
1531230762,"488
"
time,CO2 IN PPM
1531230846,"487
"
time,CO2 IN PPM
1531230931,"478
"
time,CO2 IN PPM
1531231015,"488
"
time,CO2 IN PPM
1531231100,"478
"
time,CO2 IN PPM
1531231184,"477
"
time,CO2 IN PPM
1531231269,"495
"
time,CO2 IN PPM
1531231353,"471
"
time,CO2 IN PPM
1531231438,"473
"
time,CO2 IN PPM
1531231522,"473
"
time,CO2 IN PPM
1531231607,"483
"
time,CO2 IN PPM
1531231691,"475
"
time,CO2 IN PPM
1531231776,"482
"
time,CO2 IN PPM
1531231860,"475
"
time,CO2 IN PPM
1531231945,"475
"
time,CO2 IN PPM
1531232030,"468
"
time,CO2 IN PPM
1531232114,"457
"
time,CO2 IN PPM
1531232199,"459
"
time,CO2 IN PPM
1531232283,"467
"
time,CO2 IN PPM
1531232368,"467
"
time,CO2 IN PPM
1531232452,"484
"
time,CO2 IN PPM
1531232537,"464
"
time,CO2 IN PPM
1531232621,"458
"
time,CO2 IN PPM
1531232706,"467
"
time,CO2 IN PPM
1531232790,"460
"
time,CO2 IN PPM
1531232875,"478
"
time,CO2 IN PPM
1531232959,"466
"
time,CO2 IN PPM
1531233044,"470
"
time,CO2 IN PPM
1531233128,"467
"
time,CO2 IN PPM
1531233213,"454
"
time,CO2 IN PPM
1531233297,"458
"
time,CO2 IN PPM
1531233382,"463
"
time,CO2 IN PPM
1531233466,"463
"
time,CO2 IN PPM
1531233551,"455
"
time,CO2 IN PPM
1531233635,"452
"
time,CO2 IN PPM
1531233720,"458
"
time,CO2 IN PPM
1531233804,"454
"
time,CO2 IN PPM
1531233889,"457
"
time,CO2 IN PPM
1531233974,"446
"
time,CO2 IN PPM
1531234058,"465
"
time,CO2 IN PPM
1531234143,"467
"
time,CO2 IN PPM
1531234227,"455
"
time,CO2 IN PPM
1531234312,"458
"
time,CO2 IN PPM
1531234396,"452
"
time,CO2 IN PPM
1531234481,"454
"
time,CO2 IN PPM
1531234565,"459
"
time,CO2 IN PPM
1531234650,"455
"
time,CO2 IN PPM
1531234734,"461
"
time,CO2 IN PPM
1531234819,"458
"
time,CO2 IN PPM
1531234903,"453
"
time,CO2 IN PPM
1531234988,"453
"
time,CO2 IN PPM
1531235072,"458
"
time,CO2 IN PPM
1531235157,"450
"
time,CO2 IN PPM
1531235241,"465
"
time,CO2 IN PPM
1531235326,"456
"
time,CO2 IN PPM
1531235410,"445
"
time,CO2 IN PPM
1531235495,"442
"
time,CO2 IN PPM
1531235579,"452
"
time,CO2 IN PPM
1531235664,"444
"
time,CO2 IN PPM
1531235748,"451
"
time,CO2 IN PPM
1531235833,"444
"
time,CO2 IN PPM
1531235917,"443
"
time,CO2 IN PPM
1531236002,"436
"
time,CO2 IN PPM
1531236087,"440
"
time,CO2 IN PPM
1531236171,"443
"
time,CO2 IN PPM
1531236256,"448
"
time,CO2 IN PPM
1531236340,"452
"
time,CO2 IN PPM
1531236425,"438
"
time,CO2 IN PPM
1531236509,"449
"
time,CO2 IN PPM
1531236594,"436
"
time,CO2 IN PPM
1531236678,"447
"
time,CO2 IN PPM
1531236763,"456
"
time,CO2 IN PPM
1531236847,"446
"
time,CO2 IN PPM
1531236932,"450
"
time,CO2 IN PPM
1531237016,"438
"
time,CO2 IN PPM
1531237101,"455
"
time,CO2 IN PPM
1531237185,"438
"
time,CO2 IN PPM
1531237270,"439
"
time,CO2 IN PPM
1531237354,"448
"
time,CO2 IN PPM
1531237439,"438
"
time,CO2 IN PPM
1531237523,"441
"
time,CO2 IN PPM
1531237608,"441
"
time,CO2 IN PPM
1531237692,"437
"
time,CO2 IN PPM
1531237777,"441
"
time,CO2 IN PPM
1531237861,"452
"
time,CO2 IN PPM
1531237946,"441
"
time,CO2 IN PPM
1531238031,"436
"
time,CO2 IN PPM
1531238115,"433
"
time,CO2 IN PPM
1531238200,"434
"
time,CO2 IN PPM
1531238284,"436
"
time,CO2 IN PPM
1531238369,"444
"
time,CO2 IN PPM
1531238453,"447
"
time,CO2 IN PPM
1531238538,"433
"
time,CO2 IN PPM
1531238622,"425
"
time,CO2 IN PPM
1531238707,"432
"
time,CO2 IN PPM
1531238791,"430
"
time,CO2 IN PPM
1531238876,"425
"
time,CO2 IN PPM
1531238960,"431
"
time,CO2 IN PPM
1531239045,"433
"
time,CO2 IN PPM
1531239129,"432
"
time,CO2 IN PPM
1531239214,"426
"
time,CO2 IN PPM
1531239298,"433
"
time,CO2 IN PPM
1531239383,"435
"
time,CO2 IN PPM
1531239467,"426
"
time,CO2 IN PPM
1531239552,"433
"
time,CO2 IN PPM
1531239636,"427
"
time,CO2 IN PPM
1531239721,"431
"
time,CO2 IN PPM
1531239805,"447
"
time,CO2 IN PPM
1531239890,"443
"
time,CO2 IN PPM
1531239975,"441
"
time,CO2 IN PPM
1531240059,"433
"
time,CO2 IN PPM
1531240144,"436
"
time,CO2 IN PPM
1531240228,"440
"
time,CO2 IN PPM
1531240313,"442
"
time,CO2 IN PPM
1531240397,"431
"
time,CO2 IN PPM
1531240482,"435
"
time,CO2 IN PPM
1531240566,"437
"
time,CO2 IN PPM
1531240651,"440
"
time,CO2 IN PPM
1531240735,"436
"
time,CO2 IN PPM
1531240820,"434
"
time,CO2 IN PPM
1531240904,"433
"
time,CO2 IN PPM
1531240989,"433
"
time,CO2 IN PPM
1531241073,"427
"
time,CO2 IN PPM
1531241158,"433
"
time,CO2 IN PPM
1531241242,"441
"
time,CO2 IN PPM
1531241327,"425
"
time,CO2 IN PPM
1531241411,"431
"
time,CO2 IN PPM
1531241496,"435
"
time,CO2 IN PPM
1531241580,"431
"
time,CO2 IN PPM
1531241665,"431
"
time,CO2 IN PPM
1531241749,"431
"
time,CO2 IN PPM
1531241834,"438
"
time,CO2 IN PPM
1531241919,"438
"
time,CO2 IN PPM
1531242003,"437
"
time,CO2 IN PPM
1531242088,"434
"
time,CO2 IN PPM
1531242172,"433
"
time,CO2 IN PPM
1531242257,"429
"
time,CO2 IN PPM
1531242341,"436
"
time,CO2 IN PPM
1531242426,"432
"
time,CO2 IN PPM
1531242510,"433
"
time,CO2 IN PPM
1531242595,"436
"
time,CO2 IN PPM
1531242679,"430
"
time,CO2 IN PPM
1531242764,"425
"
time,CO2 IN PPM
1531242848,"445
"
time,CO2 IN PPM
1531242933,"429
"
time,CO2 IN PPM
1531243017,"426
"
time,CO2 IN PPM
1531243102,"432
"
time,CO2 IN PPM
1531243186,"428
"
time,CO2 IN PPM
1531243271,"428
"
time,CO2 IN PPM
1531243355,"433
"
time,CO2 IN PPM
1531243440,"426
"
time,CO2 IN PPM
1531243524,"436
"
time,CO2 IN PPM
1531243609,"432
"
time,CO2 IN PPM
1531243693,"444
"
time,CO2 IN PPM
1531243778,"427
"
time,CO2 IN PPM
1531243862,"438
"
time,CO2 IN PPM
1531243947,"426
"
time,CO2 IN PPM
1531244032,"422
"
time,CO2 IN PPM
1531244116,"424
"
time,CO2 IN PPM
1531244201,"429
"
time,CO2 IN PPM
1531244285,"437
"
time,CO2 IN PPM
1531244370,"428
"
time,CO2 IN PPM
1531244454,"433
"
time,CO2 IN PPM
1531244539,"414
"
time,CO2 IN PPM
1531244623,"428
"
time,CO2 IN PPM
1531244708,"415
"
time,CO2 IN PPM
1531244792,"425
"
time,CO2 IN PPM
1531244877,"433
"
time,CO2 IN PPM
1531244961,"429
"
time,CO2 IN PPM
1531245046,"427
"
time,CO2 IN PPM
1531245130,"430
"
time,CO2 IN PPM
1531245215,"431
"
time,CO2 IN PPM
1531245299,"430
"
time,CO2 IN PPM
1531245384,"430
"
time,CO2 IN PPM
1531245468,"421
"
time,CO2 IN PPM
1531245553,"422
"
time,CO2 IN PPM
1531245637,"416
"
time,CO2 IN PPM
1531245722,"425
"
time,CO2 IN PPM
1531245806,"423
"
time,CO2 IN PPM
1531245891,"431
"
time,CO2 IN PPM
1531245976,"426
"
time,CO2 IN PPM
1531246060,"425
"
time,CO2 IN PPM
1531246145,"429
"
time,CO2 IN PPM
1531246229,"428
"
time,CO2 IN PPM
1531246314,"424
"
time,CO2 IN PPM
1531246398,"432
"
time,CO2 IN PPM
1531246483,"427
"
time,CO2 IN PPM
1531246567,"425
"
time,CO2 IN PPM
1531246652,"422
"
time,CO2 IN PPM
1531246736,"421
"
time,CO2 IN PPM
1531246821,"428
"
time,CO2 IN PPM
1531246905,"425
"
time,CO2 IN PPM
1531246990,"425
"
time,CO2 IN PPM
1531247074,"420
"
time,CO2 IN PPM
1531247159,"418
"
time,CO2 IN PPM
1531247243,"423
"
time,CO2 IN PPM
1531247328,"430
"
time,CO2 IN PPM
1531247412,"429
"
time,CO2 IN PPM
1531247497,"435
"
time,CO2 IN PPM
1531247581,"428
"
time,CO2 IN PPM
1531247666,"436
"
time,CO2 IN PPM
1531247750,"430
"
time,CO2 IN PPM
1531247835,"418
"
time,CO2 IN PPM
1531247920,"426
"
time,CO2 IN PPM
1531248004,"420
"
time,CO2 IN PPM
1531248089,"419
"
time,CO2 IN PPM
1531248173,"423
"
time,CO2 IN PPM
1531248258,"420
"
time,CO2 IN PPM
1531248342,"425
"
time,CO2 IN PPM
1531248427,"433
"
time,CO2 IN PPM
1531248511,"425
"
time,CO2 IN PPM
1531248596,"425
"
time,CO2 IN PPM
1531248680,"425
"
time,CO2 IN PPM
1531248765,"434
"
time,CO2 IN PPM
1531248849,"427
"
time,CO2 IN PPM
1531248934,"424
"
time,CO2 IN PPM
1531249018,"428
"
time,CO2 IN PPM
1531249103,"425
"
time,CO2 IN PPM
1531249187,"422
"
time,CO2 IN PPM
1531249272,"432
"
time,CO2 IN PPM
1531249356,"425
"
time,CO2 IN PPM
1531249441,"438
"
time,CO2 IN PPM
1531249525,"434
"
time,CO2 IN PPM
1531249610,"432
"
time,CO2 IN PPM
1531249694,"431
"
time,CO2 IN PPM
1531249779,"429
"
time,CO2 IN PPM
1531249863,"414
"
time,CO2 IN PPM
1531249948,"424
"
time,CO2 IN PPM
1531250033,"422
"
time,CO2 IN PPM
1531250117,"425
"
time,CO2 IN PPM
1531250202,"428
"
time,CO2 IN PPM
1531250286,"431
"
time,CO2 IN PPM
1531250371,"422
"
time,CO2 IN PPM
1531250455,"416
"
time,CO2 IN PPM
1531250540,"421
"
time,CO2 IN PPM
1531250624,"414
"
time,CO2 IN PPM
1531250709,"427
"
time,CO2 IN PPM
1531250793,"419
"
time,CO2 IN PPM
1531250878,"425
"
time,CO2 IN PPM
1531250962,"437
"
time,CO2 IN PPM
1531251047,"426
"
time,CO2 IN PPM
1531251131,"413
"
time,CO2 IN PPM
1531251216,"422
"
time,CO2 IN PPM
1531251300,"425
"
time,CO2 IN PPM
1531251385,"421
"
time,CO2 IN PPM
1531251469,"421
"
time,CO2 IN PPM
1531251554,"426
"
time,CO2 IN PPM
1531251638,"423
"
time,CO2 IN PPM
1531251723,"419
"
time,CO2 IN PPM
1531251807,"435
"
time,CO2 IN PPM
1531251892,"435
"
time,CO2 IN PPM
1531251977,"431
"
time,CO2 IN PPM
1531252061,"425
"
time,CO2 IN PPM
1531252146,"427
"
time,CO2 IN PPM
1531252230,"418
"
time,CO2 IN PPM
1531252315,"428
"
time,CO2 IN PPM
1531252399,"423
"
time,CO2 IN PPM
1531252484,"423
"
time,CO2 IN PPM
1531252568,"423
"
time,CO2 IN PPM
1531252653,"432
"
time,CO2 IN PPM
1531252737,"424
"
time,CO2 IN PPM
1531252822,"427
"
time,CO2 IN PPM
1531252906,"432
"
time,CO2 IN PPM
1531252991,"425
"
time,CO2 IN PPM
1531253075,"430
"
time,CO2 IN PPM
1531253160,"425
"
time,CO2 IN PPM
1531253244,"427
"
time,CO2 IN PPM
1531253329,"432
"
time,CO2 IN PPM
1531253413,"419
"
time,CO2 IN PPM
1531253498,"433
"
time,CO2 IN PPM
1531253582,"423
"
time,CO2 IN PPM
1531253667,"422
"
time,CO2 IN PPM
1531253752,"428
"
time,CO2 IN PPM
1531253836,"414
"
time,CO2 IN PPM
1531253921,"425
"
time,CO2 IN PPM
1531254005,"423
"
time,CO2 IN PPM
1531254090,"430
"
time,CO2 IN PPM
1531254174,"423
"
time,CO2 IN PPM
1531254259,"424
"
time,CO2 IN PPM
1531254343,"419
"
time,CO2 IN PPM
1531254428,"423
"
time,CO2 IN PPM
1531254512,"426
"
time,CO2 IN PPM
1531254597,"430
"
time,CO2 IN PPM
1531254681,"418
"
time,CO2 IN PPM
1531254766,"412
"
time,CO2 IN PPM
1531254850,"418
"
time,CO2 IN PPM
1531254935,"428
"
time,CO2 IN PPM
1531255019,"421
"
time,CO2 IN PPM
1531255104,"434
"
time,CO2 IN PPM
1531255188,"429
"
time,CO2 IN PPM
1531255273,"427
"
time,CO2 IN PPM
1531255357,"430
"
time,CO2 IN PPM
1531255442,"427
"
time,CO2 IN PPM
1531255526,"426
"
time,CO2 IN PPM
1531255611,"416
"
time,CO2 IN PPM
1531255696,"416
"
time,CO2 IN PPM
1531255780,"425
"
time,CO2 IN PPM
1531255865,"416
"
time,CO2 IN PPM
1531255949,"423
"
time,CO2 IN PPM
1531256034,"425
"
time,CO2 IN PPM
1531256118,"431
"
time,CO2 IN PPM
1531256203,"418
"
time,CO2 IN PPM
1531256287,"427
"
time,CO2 IN PPM
1531256372,"432
"
time,CO2 IN PPM
1531256456,"431
"
time,CO2 IN PPM
1531256541,"425
"
time,CO2 IN PPM
1531256625,"421
"
time,CO2 IN PPM
1531256710,"427
"
time,CO2 IN PPM
1531256794,"418
"
time,CO2 IN PPM
1531256879,"426
"
time,CO2 IN PPM
1531256963,"430
"
time,CO2 IN PPM
1531257048,"418
"
time,CO2 IN PPM
1531257132,"427
"
time,CO2 IN PPM
1531257217,"419
"
time,CO2 IN PPM
1531257301,"422
"
time,CO2 IN PPM
1531257386,"420
"
time,CO2 IN PPM
1531257470,"423
"
time,CO2 IN PPM
1531257555,"420
"
time,CO2 IN PPM
1531257639,"429
"
time,CO2 IN PPM
1531257724,"422
"
time,CO2 IN PPM
1531257809,"430
"
time,CO2 IN PPM
1531257893,"419
"
time,CO2 IN PPM
1531257978,"420
"
time,CO2 IN PPM
1531258062,"421
"
time,CO2 IN PPM
1531258147,"429
"
time,CO2 IN PPM
1531258231,"431
"
time,CO2 IN PPM
1531258316,"420
"
time,CO2 IN PPM
1531258400,"429
"
time,CO2 IN PPM
1531258485,"430
"
time,CO2 IN PPM
1531258569,"428
"
time,CO2 IN PPM
1531258654,"434
"
time,CO2 IN PPM
1531258738,"423
"
time,CO2 IN PPM
1531258823,"422
"
time,CO2 IN PPM
1531258907,"422
"
time,CO2 IN PPM
1531258992,"419
"
time,CO2 IN PPM
1531259076,"425
"
time,CO2 IN PPM
1531259161,"427
"
time,CO2 IN PPM
1531259245,"425
"
time,CO2 IN PPM
1531259330,"439
"
time,CO2 IN PPM
1531259414,"412
"
time,CO2 IN PPM
1531259499,"421
"
time,CO2 IN PPM
1531259583,"418
"
time,CO2 IN PPM
1531259668,"427
"
time,CO2 IN PPM
1531259753,"418
"
time,CO2 IN PPM
1531259837,"427
"
time,CO2 IN PPM
1531259922,"424
"
time,CO2 IN PPM
1531260006,"419
"
time,CO2 IN PPM
1531260091,"422
"
time,CO2 IN PPM
1531260175,"422
"
time,CO2 IN PPM
1531260260,"427
"
time,CO2 IN PPM
1531260344,"418
"
time,CO2 IN PPM
1531260429,"427
"
time,CO2 IN PPM
1531260513,"426
"
time,CO2 IN PPM
1531260598,"425
"
time,CO2 IN PPM
1531260682,"435
"
time,CO2 IN PPM
1531260767,"428
"
time,CO2 IN PPM
1531260851,"421
"
time,CO2 IN PPM
1531260936,"428
"
time,CO2 IN PPM
1531261020,"428
"
time,CO2 IN PPM
1531261105,"431
"
time,CO2 IN PPM
1531261189,"423
"
time,CO2 IN PPM
1531261274,"424
"
time,CO2 IN PPM
1531261358,"417
"
time,CO2 IN PPM
1531261443,"436
"
time,CO2 IN PPM
1531261527,"421
"
time,CO2 IN PPM
1531261612,"434
"
time,CO2 IN PPM
1531261696,"428
"
time,CO2 IN PPM
1531261781,"429
"
time,CO2 IN PPM
1531261866,"421
"
time,CO2 IN PPM
1531261950,"420
"
time,CO2 IN PPM
1531262035,"418
"
time,CO2 IN PPM
1531262119,"423
"
time,CO2 IN PPM
1531262204,"425
"
time,CO2 IN PPM
1531262288,"431
"
time,CO2 IN PPM
1531262373,"432
"
time,CO2 IN PPM
1531262457,"423
"
time,CO2 IN PPM
1531262542,"407
"
time,CO2 IN PPM
1531262626,"435
"
time,CO2 IN PPM
1531262711,"418
"
time,CO2 IN PPM
1531262795,"422
"
time,CO2 IN PPM
1531262880,"425
"
time,CO2 IN PPM
1531262964,"429
"
time,CO2 IN PPM
1531263049,"427
"
time,CO2 IN PPM
1531263133,"413
"
time,CO2 IN PPM
1531263218,"424
"
time,CO2 IN PPM
1531263302,"416
"
time,CO2 IN PPM
1531263387,"427
"
time,CO2 IN PPM
1531263471,"426
"
time,CO2 IN PPM
1531263556,"429
"
time,CO2 IN PPM
1531263640,"421
"
time,CO2 IN PPM
1531263725,"414
"
time,CO2 IN PPM
1531263810,"425
"
time,CO2 IN PPM
1531263894,"424
"
time,CO2 IN PPM
1531263979,"425
"
time,CO2 IN PPM
1531264063,"423
"
time,CO2 IN PPM
1531264148,"420
"
time,CO2 IN PPM
1531264232,"428
"
time,CO2 IN PPM
1531264317,"419
"
time,CO2 IN PPM
1531264401,"421
"
time,CO2 IN PPM
1531264486,"413
"
time,CO2 IN PPM
1531264570,"427
"
time,CO2 IN PPM
1531264655,"421
"
time,CO2 IN PPM
1531264739,"414
"
time,CO2 IN PPM
1531264824,"425
"
time,CO2 IN PPM
1531264908,"434
"
time,CO2 IN PPM
1531264993,"429
"
time,CO2 IN PPM
1531265077,"425
"
time,CO2 IN PPM
1531265162,"417
"
time,CO2 IN PPM
1531265246,"411
"
time,CO2 IN PPM
1531265331,"431
"
time,CO2 IN PPM
1531265415,"428
"
time,CO2 IN PPM
1531265500,"435
"
time,CO2 IN PPM
1531265584,"418
"
time,CO2 IN PPM
1531265669,"423
"
time,CO2 IN PPM
1531265754,"411
"
time,CO2 IN PPM
1531265838,"425
"
time,CO2 IN PPM
1531265923,"420
"
time,CO2 IN PPM
1531266007,"423
"
time,CO2 IN PPM
1531266092,"419
"
time,CO2 IN PPM
1531266176,"424
"
time,CO2 IN PPM
1531266261,"431
"
time,CO2 IN PPM
1531266345,"418
"
time,CO2 IN PPM
1531266430,"420
"
time,CO2 IN PPM
1531266514,"423
"
time,CO2 IN PPM
1531266599,"429
"
time,CO2 IN PPM
1531266683,"425
"
time,CO2 IN PPM
1531266768,"428
"
time,CO2 IN PPM
1531266852,"421
"
time,CO2 IN PPM
1531266937,"428
"
time,CO2 IN PPM
1531267021,"417
"
time,CO2 IN PPM
1531267106,"416
"
time,CO2 IN PPM
1531267190,"426
"
time,CO2 IN PPM
1531267275,"422
"
time,CO2 IN PPM
1531267359,"430
"
time,CO2 IN PPM
1531267444,"420
"
time,CO2 IN PPM
1531267528,"421
"
time,CO2 IN PPM
1531267613,"438
"
time,CO2 IN PPM
1531267697,"431
"
time,CO2 IN PPM
1531267782,"424
"
time,CO2 IN PPM
1531267867,"423
"
time,CO2 IN PPM
1531267951,"421
"
time,CO2 IN PPM
1531268036,"418
"
time,CO2 IN PPM
1531268120,"431
"
time,CO2 IN PPM
1531268205,"427
"
time,CO2 IN PPM
1531268289,"415
"
time,CO2 IN PPM
1531268374,"428
"
time,CO2 IN PPM
1531268458,"427
"
time,CO2 IN PPM
1531268543,"421
"
time,CO2 IN PPM
1531268627,"419
"
time,CO2 IN PPM
1531268712,"426
"
time,CO2 IN PPM
1531268796,"426
"
time,CO2 IN PPM
1531268881,"421
"
time,CO2 IN PPM
1531268965,"424
"
time,CO2 IN PPM
1531269050,"432
"
time,CO2 IN PPM
1531269134,"431
"
time,CO2 IN PPM
1531269219,"425
"
time,CO2 IN PPM
1531269303,"421
"
time,CO2 IN PPM
1531269388,"422
"
time,CO2 IN PPM
1531269472,"429
"
time,CO2 IN PPM
1531269557,"415
"
time,CO2 IN PPM
1531269641,"426
"
time,CO2 IN PPM
1531269726,"435
"
time,CO2 IN PPM
1531269811,"433
"
time,CO2 IN PPM
1531269895,"416
"
time,CO2 IN PPM
1531269980,"425
"
time,CO2 IN PPM
1531270064,"417
"
time,CO2 IN PPM
1531270149,"423
"
time,CO2 IN PPM
1531270233,"429
"
time,CO2 IN PPM
1531270318,"433
"
time,CO2 IN PPM
1531270402,"416
"
time,CO2 IN PPM
1531270487,"426
"
time,CO2 IN PPM
1531270571,"444
"
time,CO2 IN PPM
1531270656,"437
"
time,CO2 IN PPM
1531270740,"420
"
time,CO2 IN PPM
1531270825,"435
"
time,CO2 IN PPM
1531270909,"436
"
time,CO2 IN PPM
1531270994,"435
"
time,CO2 IN PPM
1531271078,"429
"
time,CO2 IN PPM
1531271163,"428
"
time,CO2 IN PPM
1531271247,"431
"
time,CO2 IN PPM
1531271332,"431
"
time,CO2 IN PPM
1531271416,"435
"
time,CO2 IN PPM
1531271501,"425
"
time,CO2 IN PPM
1531271585,"428
"
time,CO2 IN PPM
1531271670,"428
"
time,CO2 IN PPM
1531271755,"438
"
time,CO2 IN PPM
1531271839,"439
"
time,CO2 IN PPM
1531271924,"446
"
time,CO2 IN PPM
1531272008,"437
"
time,CO2 IN PPM
1531272093,"437
"
time,CO2 IN PPM
1531272177,"435
"
time,CO2 IN PPM
1531272262,"436
"
time,CO2 IN PPM
1531272346,"433
"
time,CO2 IN PPM
1531272431,"445
"
time,CO2 IN PPM
1531272515,"437
"
time,CO2 IN PPM
1531272600,"440
"
time,CO2 IN PPM
1531272684,"434
"
time,CO2 IN PPM
1531272769,"437
"
time,CO2 IN PPM
1531272853,"444
"
time,CO2 IN PPM
1531272938,"438
"
time,CO2 IN PPM
1531273022,"440
"
time,CO2 IN PPM
1531273107,"448
"
time,CO2 IN PPM
1531273191,"428
"
time,CO2 IN PPM
1531273276,"438
"
time,CO2 IN PPM
1531273360,"440
"
time,CO2 IN PPM
1531273445,"438
"
time,CO2 IN PPM
1531273529,"441
"
time,CO2 IN PPM
1531273614,"448
"
time,CO2 IN PPM
1531273698,"444
"
time,CO2 IN PPM
1531273783,"439
"
time,CO2 IN PPM
1531273868,"434
"
time,CO2 IN PPM
1531273952,"438
"
time,CO2 IN PPM
1531274037,"444
"
time,CO2 IN PPM
1531274121,"438
"
time,CO2 IN PPM
1531274206,"434
"
time,CO2 IN PPM
1531274290,"446
"
time,CO2 IN PPM
1531274375,"444
"
time,CO2 IN PPM
1531274459,"446
"
time,CO2 IN PPM
1531274544,"449
"
time,CO2 IN PPM
1531274628,"437
"
time,CO2 IN PPM
1531274713,"446
"
time,CO2 IN PPM
1531274797,"439
"
time,CO2 IN PPM
1531274882,"447
"
time,CO2 IN PPM
1531274966,"442
"
time,CO2 IN PPM
1531275051,"459
"
time,CO2 IN PPM
1531275135,"466
"
time,CO2 IN PPM
1531275220,"459
"
time,CO2 IN PPM
1531275304,"458
"
time,CO2 IN PPM
1531275389,"450
"
time,CO2 IN PPM
1531275473,"467
"
time,CO2 IN PPM
1531275558,"464
"
time,CO2 IN PPM
1531275642,"455
"
time,CO2 IN PPM
1531275727,"458
"
time,CO2 IN PPM
1531275812,"458
"
time,CO2 IN PPM
1531275896,"448
"
time,CO2 IN PPM
1531275981,"470
"
time,CO2 IN PPM
1531276065,"448
"
time,CO2 IN PPM
1531276150,"459
"
time,CO2 IN PPM
1531276234,"478
"
time,CO2 IN PPM
1531276319,"477
"
time,CO2 IN PPM
1531276403,"473
"
time,CO2 IN PPM
1531276488,"464
"
time,CO2 IN PPM
1531276572,"471
"
time,CO2 IN PPM
1531276657,"474
"
time,CO2 IN PPM
1531276741,"470
"
time,CO2 IN PPM
1531276826,"470
"
time,CO2 IN PPM
1531276910,"469
"
time,CO2 IN PPM
1531276995,"471
"
time,CO2 IN PPM
1531277079,"478
"
time,CO2 IN PPM
1531277164,"482
"
time,CO2 IN PPM
1531277248,"473
"
time,CO2 IN PPM
1531277333,"464
"
time,CO2 IN PPM
1531277417,"474
"
time,CO2 IN PPM
1531277502,"605
"
time,CO2 IN PPM
1531277586,"505
"
time,CO2 IN PPM
1531277671,"488
"
time,CO2 IN PPM
1531277756,"508
"
time,CO2 IN PPM
1531277840,"492
"
time,CO2 IN PPM
1531277925,"543
"
time,CO2 IN PPM
1531278009,"511
"
time,CO2 IN PPM
1531278094,"497
"
time,CO2 IN PPM
1531278178,"513
"
time,CO2 IN PPM
1531278263,"505
"
time,CO2 IN PPM
1531278347,"530
"
time,CO2 IN PPM
1531278432,"521
"
time,CO2 IN PPM
1531278516,"510
"
time,CO2 IN PPM
1531278601,"517
"
time,CO2 IN PPM
1531278685,"531
"
time,CO2 IN PPM
1531278770,"539
"
time,CO2 IN PPM
1531278854,"543
"
time,CO2 IN PPM
1531278939,"546
"
time,CO2 IN PPM
1531279023,"558
"
time,CO2 IN PPM
1531279108,"542
"
time,CO2 IN PPM
1531279192,"535
"
time,CO2 IN PPM
1531279277,"537
"
time,CO2 IN PPM
1531279361,"533
"
time,CO2 IN PPM
1531279446,"530
"
time,CO2 IN PPM
1531279531,"536
"
time,CO2 IN PPM
1531279615,"536
"
time,CO2 IN PPM
1531279700,"536
"
time,CO2 IN PPM
1531279784,"537
"
time,CO2 IN PPM
1531279869,"549
"
time,CO2 IN PPM
1531279953,"550
"
time,CO2 IN PPM
1531280038,"537
"
time,CO2 IN PPM
1531280122,"548
"
time,CO2 IN PPM
1531280207,"539
"
time,CO2 IN PPM
1531280291,"536
"
time,CO2 IN PPM
1531280376,"544
"
time,CO2 IN PPM
1531280460,"532
"
time,CO2 IN PPM
1531280545,"545
"
time,CO2 IN PPM
1531280629,"542
"
time,CO2 IN PPM
1531280714,"538
"
time,CO2 IN PPM
1531280798,"562
"
time,CO2 IN PPM
1531280883,"546
"
time,CO2 IN PPM
1531280967,"554
"
time,CO2 IN PPM
1531281052,"552
"
time,CO2 IN PPM
1531281137,"565
"
time,CO2 IN PPM
1531281221,"568
"
time,CO2 IN PPM
1531281306,"570
"
time,CO2 IN PPM
1531281390,"559
"
time,CO2 IN PPM
1531281475,"571
"
time,CO2 IN PPM
1531281559,"572
"
time,CO2 IN PPM
1531281644,"579
"
time,CO2 IN PPM
1531281728,"572
"
time,CO2 IN PPM
1531281813,"579
"
time,CO2 IN PPM
1531281897,"615
"
time,CO2 IN PPM
1531281982,"600
"
time,CO2 IN PPM
1531282066,"585
"
time,CO2 IN PPM
1531282151,"599
"
time,CO2 IN PPM
1531282235,"610
"
time,CO2 IN PPM
1531282320,"601
"
time,CO2 IN PPM
1531282404,"591
"
time,CO2 IN PPM
1531282489,"595
"
time,CO2 IN PPM
1531282573,"603
"
time,CO2 IN PPM
1531282658,"615
"
time,CO2 IN PPM
1531282742,"601
"
time,CO2 IN PPM
1531282827,"597
"
time,CO2 IN PPM
1531282912,"598
"
time,CO2 IN PPM
1531282996,"608
"
time,CO2 IN PPM
1531283081,"594
"
time,CO2 IN PPM
1531283165,"607
"
time,CO2 IN PPM
1531283250,"607
"
time,CO2 IN PPM
1531283334,"607
"
time,CO2 IN PPM
1531283419,"610
"
time,CO2 IN PPM
1531283503,"613
"
time,CO2 IN PPM
1531283588,"615
"
time,CO2 IN PPM
1531283672,"607
"
time,CO2 IN PPM
1531283757,"604
"
time,CO2 IN PPM
1531283841,"610
"
time,CO2 IN PPM
1531283926,"623
"
time,CO2 IN PPM
1531284010,"616
"
time,CO2 IN PPM
1531284095,"618
"
time,CO2 IN PPM
1531284179,"635
"
time,CO2 IN PPM
1531284264,"618
"
time,CO2 IN PPM
1531284348,"625
"
time,CO2 IN PPM
1531284433,"625
"
time,CO2 IN PPM
1531284518,"621
"
time,CO2 IN PPM
1531284602,"610
"
time,CO2 IN PPM
1531284687,"621
"
time,CO2 IN PPM
1531284771,"609
"
time,CO2 IN PPM
1531284856,"615
"
time,CO2 IN PPM
1531284940,"628
"
time,CO2 IN PPM
1531285025,"631
"
time,CO2 IN PPM
1531285109,"619
"
time,CO2 IN PPM
1531285194,"600
"
time,CO2 IN PPM
1531285278,"604
"
time,CO2 IN PPM
1531285363,"606
"
time,CO2 IN PPM
1531285447,"614
"
time,CO2 IN PPM
1531285532,"612
"
time,CO2 IN PPM
1531285616,"622
"
time,CO2 IN PPM
1531285701,"599
"
time,CO2 IN PPM
1531285785,"612
"
time,CO2 IN PPM
1531285870,"599
"
time,CO2 IN PPM
1531285954,"610
"
time,CO2 IN PPM
1531286039,"606
"
time,CO2 IN PPM
1531286123,"603
"
time,CO2 IN PPM
1531286208,"624
"
time,CO2 IN PPM
1531286293,"603
"
time,CO2 IN PPM
1531286377,"610
"
time,CO2 IN PPM
1531286462,"589
"
time,CO2 IN PPM
1531286546,"602
"
time,CO2 IN PPM
1531286631,"599
"
time,CO2 IN PPM
1531286715,"610
"
time,CO2 IN PPM
1531286800,"602
"
time,CO2 IN PPM
1531286884,"602
"
time,CO2 IN PPM
1531286969,"600
"
time,CO2 IN PPM
1531287053,"603
"
time,CO2 IN PPM
1531287138,"604
"
time,CO2 IN PPM
1531287222,"606
"
time,CO2 IN PPM
1531287307,"613
"
time,CO2 IN PPM
1531287391,"604
"
time,CO2 IN PPM
1531287476,"591
"
time,CO2 IN PPM
1531287560,"603
"
time,CO2 IN PPM
1531287645,"611
"
time,CO2 IN PPM
1531287729,"611
"
time,CO2 IN PPM
1531287814,"586
"
time,CO2 IN PPM
1531287898,"588
"
time,CO2 IN PPM
1531287983,"602
"
time,CO2 IN PPM
1531288068,"595
"
time,CO2 IN PPM
1531288152,"587
"
time,CO2 IN PPM
1531288237,"592
"
time,CO2 IN PPM
1531288321,"591
"
time,CO2 IN PPM
1531288406,"601
"
time,CO2 IN PPM
1531288490,"607
"
time,CO2 IN PPM
1531288575,"589
"
time,CO2 IN PPM
1531288659,"588
"
time,CO2 IN PPM
1531288744,"589
"
time,CO2 IN PPM
1531288828,"590
"
time,CO2 IN PPM
1531288913,"601
"
time,CO2 IN PPM
1531288997,"588
"
time,CO2 IN PPM
1531289082,"593
"
time,CO2 IN PPM
1531289166,"590
"
time,CO2 IN PPM
1531289251,"593
"
time,CO2 IN PPM
1531289335,"597
"
time,CO2 IN PPM
1531289420,"596
"
time,CO2 IN PPM
1531289505,"582
"
time,CO2 IN PPM
1531289589,"593
"
time,CO2 IN PPM
1531289674,"606
"
time,CO2 IN PPM
1531289758,"595
"
time,CO2 IN PPM
1531289843,"594
"
time,CO2 IN PPM
1531289927,"603
"
time,CO2 IN PPM
1531290012,"596
"
time,CO2 IN PPM
1531290096,"598
"
time,CO2 IN PPM
1531290181,"609
"
time,CO2 IN PPM
1531290265,"604
"
time,CO2 IN PPM
1531290350,"610
"
time,CO2 IN PPM
1531290434,"602
"
time,CO2 IN PPM
1531290519,"612
"
time,CO2 IN PPM
1531290603,"610
"
time,CO2 IN PPM
1531290688,"627
"
time,CO2 IN PPM
1531290772,"617
"
time,CO2 IN PPM
1531290857,"627
"
time,CO2 IN PPM
1531290941,"616
"
time,CO2 IN PPM
1531291026,"611
"
time,CO2 IN PPM
1531291110,"641
"
time,CO2 IN PPM
1531291195,"641
"
time,CO2 IN PPM
1531291280,"631
"
time,CO2 IN PPM
1531291364,"623
"
time,CO2 IN PPM
1531291449,"627
"
time,CO2 IN PPM
1531291533,"642
"
time,CO2 IN PPM
1531291618,"635
"
time,CO2 IN PPM
1531291702,"633
"
time,CO2 IN PPM
1531291787,"654
"
time,CO2 IN PPM
1531291871,"635
"
time,CO2 IN PPM
1531291956,"638
"
time,CO2 IN PPM
1531292040,"647
"
time,CO2 IN PPM
1531292125,"638
"
time,CO2 IN PPM
1531292209,"646
"
time,CO2 IN PPM
1531292294,"656
"
time,CO2 IN PPM
1531292378,"642
"
time,CO2 IN PPM
1531292463,"653
"
time,CO2 IN PPM
1531292547,"661
"
time,CO2 IN PPM
1531292632,"654
"
time,CO2 IN PPM
1531292716,"669
"
time,CO2 IN PPM
1531292801,"660
"
time,CO2 IN PPM
1531292885,"662
"
time,CO2 IN PPM
1531292970,"649
"
time,CO2 IN PPM
1531293055,"656
"
time,CO2 IN PPM
1531293139,"659
"
time,CO2 IN PPM
1531293224,"655
"
time,CO2 IN PPM
1531293308,"654
"
time,CO2 IN PPM
1531293393,"659
"
time,CO2 IN PPM
1531293477,"684
"
time,CO2 IN PPM
1531293562,"670
"
time,CO2 IN PPM
1531293646,"667
"
time,CO2 IN PPM
1531293731,"674
"
time,CO2 IN PPM
1531293815,"679
"
time,CO2 IN PPM
1531293900,"664
"
time,CO2 IN PPM
1531293984,"679
"
time,CO2 IN PPM
1531294069,"684
"
time,CO2 IN PPM
1531294153,"662
"
time,CO2 IN PPM
1531294238,"684
"
time,CO2 IN PPM
1531294322,"693
"
time,CO2 IN PPM
1531294407,"677
"
time,CO2 IN PPM
1531294491,"674
"
time,CO2 IN PPM
1531294576,"685
"
time,CO2 IN PPM
1531294660,"698
"
time,CO2 IN PPM
1531294745,"682
"
time,CO2 IN PPM
1531294830,"687
"
time,CO2 IN PPM
1531294914,"686
"
time,CO2 IN PPM
1531294999,"688
"
time,CO2 IN PPM
1531295083,"684
"
time,CO2 IN PPM
1531295168,"692
"
time,CO2 IN PPM
1531295252,"693
"
time,CO2 IN PPM
1531295337,"694
"
time,CO2 IN PPM
1531295421,"697
"
time,CO2 IN PPM
1531295506,"699
"
time,CO2 IN PPM
1531295590,"697
"
time,CO2 IN PPM
1531295675,"688
"
time,CO2 IN PPM
1531295759,"696
"
time,CO2 IN PPM
1531295844,"720
"
time,CO2 IN PPM
1531295928,"700
"
time,CO2 IN PPM
1531296013,"687
"
time,CO2 IN PPM
1531296097,"697
"
time,CO2 IN PPM
1531296182,"699
"
time,CO2 IN PPM
1531296266,"697
"
time,CO2 IN PPM
1531296351,"696
"
time,CO2 IN PPM
1531296436,"699
"
time,CO2 IN PPM
1531296520,"704
"
time,CO2 IN PPM
1531296605,"706
"
time,CO2 IN PPM
1531296689,"717
"
time,CO2 IN PPM
1531296774,"695
"
time,CO2 IN PPM
1531296858,"719
"
time,CO2 IN PPM
1531296943,"716
"
time,CO2 IN PPM
1531297027,"716
"
time,CO2 IN PPM
1531297112,"720
"
time,CO2 IN PPM
1531297196,"703
"
time,CO2 IN PPM
1531297281,"714
"
time,CO2 IN PPM
1531297365,"719
"
time,CO2 IN PPM
1531297450,"715
"
time,CO2 IN PPM
1531297534,"721
"
time,CO2 IN PPM
1531297619,"727
"
time,CO2 IN PPM
1531297703,"725
"
time,CO2 IN PPM
1531297788,"724
"
time,CO2 IN PPM
1531297872,"715
"
time,CO2 IN PPM
1531297957,"742
"
time,CO2 IN PPM
1531298041,"736
"
time,CO2 IN PPM
1531298126,"711
"
time,CO2 IN PPM
1531298211,"714
"
time,CO2 IN PPM
1531298295,"714
"
time,CO2 IN PPM
1531298380,"718
"
time,CO2 IN PPM
1531298464,"718
"
time,CO2 IN PPM
1531298549,"730
"
time,CO2 IN PPM
1531298633,"718
"
time,CO2 IN PPM
1531298718,"723
"
time,CO2 IN PPM
1531298802,"710
"
time,CO2 IN PPM
1531298887,"725
"
time,CO2 IN PPM
1531298971,"746
"
time,CO2 IN PPM
1531299056,"736
"
time,CO2 IN PPM
1531299140,"729
"
time,CO2 IN PPM
1531299225,"720
"
time,CO2 IN PPM
1531299309,"730
"
time,CO2 IN PPM
1531299394,"719
"
time,CO2 IN PPM
1531299478,"719
"
time,CO2 IN PPM
1531299563,"727
"
time,CO2 IN PPM
1531299647,"724
"
time,CO2 IN PPM
1531299732,"707
"
time,CO2 IN PPM
1531299816,"725
"
time,CO2 IN PPM
1531299901,"710
"
time,CO2 IN PPM
1531299986,"735
"
time,CO2 IN PPM
1531300070,"728
"
time,CO2 IN PPM
1531300155,"710
"
time,CO2 IN PPM
1531300239,"700
"
time,CO2 IN PPM
1531300324,"718
"
time,CO2 IN PPM
1531300408,"709
"
time,CO2 IN PPM
1531300493,"724
"
time,CO2 IN PPM
1531300577,"708
"
time,CO2 IN PPM
1531300662,"694
"
time,CO2 IN PPM
1531300746,"703
"
time,CO2 IN PPM
1531300831,"727
"
time,CO2 IN PPM
1531300915,"707
"
time,CO2 IN PPM
1531301000,"702
"
time,CO2 IN PPM
1531301084,"698
"
time,CO2 IN PPM
1531301169,"694
"
time,CO2 IN PPM
1531301253,"697
"
time,CO2 IN PPM
1531301338,"699
"
time,CO2 IN PPM
1531301422,"687
"
time,CO2 IN PPM
1531301507,"706
"
time,CO2 IN PPM
1531301592,"708
"
time,CO2 IN PPM
1531301676,"713
"
time,CO2 IN PPM
1531301761,"708
"
time,CO2 IN PPM
1531301845,"716
"
time,CO2 IN PPM
1531301930,"715
"
time,CO2 IN PPM
1531302014,"721
"
time,CO2 IN PPM
1531302099,"708
"
time,CO2 IN PPM
1531302183,"722
"
time,CO2 IN PPM
1531302268,"729
"
time,CO2 IN PPM
1531302352,"711
"
time,CO2 IN PPM
1531302437,"715
"
time,CO2 IN PPM
1531302521,"708
"
time,CO2 IN PPM
1531302606,"711
"
time,CO2 IN PPM
1531302690,"701
"
time,CO2 IN PPM
1531302775,"706
"
time,CO2 IN PPM
1531302859,"734
"
time,CO2 IN PPM
1531302944,"710
"
time,CO2 IN PPM
1531303028,"707
"
time,CO2 IN PPM
1531303113,"721
"
time,CO2 IN PPM
1531303197,"715
"
time,CO2 IN PPM
1531303282,"725
"
time,CO2 IN PPM
1531303367,"720
"
time,CO2 IN PPM
1531303451,"725
"
time,CO2 IN PPM
1531303536,"735
"
time,CO2 IN PPM
1531303620,"702
"
time,CO2 IN PPM
1531303705,"719
"
time,CO2 IN PPM
1531303789,"734
"
time,CO2 IN PPM
1531303874,"717
"
time,CO2 IN PPM
1531303958,"715
"
time,CO2 IN PPM
1531304043,"730
"
time,CO2 IN PPM
1531304127,"708
"
time,CO2 IN PPM
1531304212,"748
"
time,CO2 IN PPM
1531304296,"720
"
time,CO2 IN PPM
1531304381,"741
"
time,CO2 IN PPM
1531304465,"732
"
time,CO2 IN PPM
1531304550,"721
"
time,CO2 IN PPM
1531304634,"731
"
time,CO2 IN PPM
1531304719,"739
"
time,CO2 IN PPM
1531304803,"737
"
time,CO2 IN PPM
1531304888,"731
"
time,CO2 IN PPM
1531304973,"724
"
time,CO2 IN PPM
1531305057,"723
"
time,CO2 IN PPM
1531305142,"733
"
time,CO2 IN PPM
1531305226,"732
"
time,CO2 IN PPM
1531305311,"718
"
time,CO2 IN PPM
1531305395,"750
"
time,CO2 IN PPM
1531305480,"736
"
time,CO2 IN PPM
1531305564,"728
"
time,CO2 IN PPM
1531305649,"717
"
time,CO2 IN PPM
1531305733,"734
"
time,CO2 IN PPM
1531305818,"722
"
time,CO2 IN PPM
1531305902,"693
"
time,CO2 IN PPM
1531305987,"711
"
time,CO2 IN PPM
1531306071,"703
"
time,CO2 IN PPM
1531306156,"697
"
time,CO2 IN PPM
1531306240,"693
"
time,CO2 IN PPM
1531306325,"684
"
time,CO2 IN PPM
1531306409,"687
"
time,CO2 IN PPM
1531306494,"698
"
time,CO2 IN PPM
1531306578,"690
"
time,CO2 IN PPM
1531306663,"692
"
time,CO2 IN PPM
1531306748,"677
"
time,CO2 IN PPM
1531306832,"677
"
time,CO2 IN PPM
1531306917,"677
"
time,CO2 IN PPM
1531307001,"673
"
time,CO2 IN PPM
1531307086,"669
"
time,CO2 IN PPM
1531307170,"679
"
time,CO2 IN PPM
1531307255,"678
"
time,CO2 IN PPM
1531307340,"661
"
time,CO2 IN PPM
1531307424,"661
"
time,CO2 IN PPM
1531307509,"670
"
time,CO2 IN PPM
1531307593,"661
"
time,CO2 IN PPM
1531307678,"656
"
time,CO2 IN PPM
1531307762,"671
"
time,CO2 IN PPM
1531307847,"660
"
time,CO2 IN PPM
1531307931,"662
"
time,CO2 IN PPM
1531308016,"656
"
time,CO2 IN PPM
1531308100,"655
"
time,CO2 IN PPM
1531308185,"659
"
time,CO2 IN PPM
1531308269,"652
"
time,CO2 IN PPM
1531308354,"648
"
time,CO2 IN PPM
1531308438,"653
"
time,CO2 IN PPM
1531308523,"646
"
time,CO2 IN PPM
1531308607,"649
"
time,CO2 IN PPM
1531308692,"654
"
time,CO2 IN PPM
1531308777,"652
"
time,CO2 IN PPM
1531308861,"634
"
time,CO2 IN PPM
1531308946,"632
"
time,CO2 IN PPM
1531309030,"627
"
time,CO2 IN PPM
1531309115,"643
"
time,CO2 IN PPM
1531309199,"623
"
time,CO2 IN PPM
1531309284,"628
"
time,CO2 IN PPM
1531309368,"635
"
time,CO2 IN PPM
1531309453,"623
"
time,CO2 IN PPM
1531309537,"629
"
time,CO2 IN PPM
1531309622,"622
"
time,CO2 IN PPM
1531309706,"630
"
time,CO2 IN PPM
1531309791,"633
"
time,CO2 IN PPM
1531309875,"619
"
time,CO2 IN PPM
1531309960,"615
"
time,CO2 IN PPM
1531310044,"621
"
time,CO2 IN PPM
1531310129,"618
"
time,CO2 IN PPM
1531310213,"606
"
time,CO2 IN PPM
1531310298,"613
"
time,CO2 IN PPM
1531310382,"614
"
time,CO2 IN PPM
1531310467,"612
"
time,CO2 IN PPM
1531310552,"603
"
time,CO2 IN PPM
1531310636,"599
"
time,CO2 IN PPM
1531310721,"605
"
time,CO2 IN PPM
1531310805,"602
"
time,CO2 IN PPM
1531310890,"605
"
time,CO2 IN PPM
1531310974,"600
"
time,CO2 IN PPM
1531311059,"602
"
time,CO2 IN PPM
1531311143,"604
"
time,CO2 IN PPM
1531311228,"589
"
time,CO2 IN PPM
1531311312,"602
"
time,CO2 IN PPM
1531311397,"601
"
time,CO2 IN PPM
1531311481,"594
"
time,CO2 IN PPM
1531311566,"588
"
time,CO2 IN PPM
1531311650,"586
"
time,CO2 IN PPM
1531311735,"590
"
time,CO2 IN PPM
1531311819,"581
"
time,CO2 IN PPM
1531311904,"583
"
time,CO2 IN PPM
1531311988,"585
"
time,CO2 IN PPM
1531312073,"598
"
time,CO2 IN PPM
1531312157,"581
"
time,CO2 IN PPM
1531312242,"563
"
time,CO2 IN PPM
1531312327,"569
"
time,CO2 IN PPM
1531312411,"574
"
time,CO2 IN PPM
1531312496,"575
"
time,CO2 IN PPM
1531312580,"575
"
time,CO2 IN PPM
1531312665,"571
"
time,CO2 IN PPM
1531312749,"578
"
time,CO2 IN PPM
1531312834,"573
"
time,CO2 IN PPM
1531312918,"562
"
time,CO2 IN PPM
1531313003,"560
"
time,CO2 IN PPM
1531313087,"571
"
time,CO2 IN PPM
1531313172,"555
"
time,CO2 IN PPM
1531313256,"565
"
time,CO2 IN PPM
1531313341,"540
"
time,CO2 IN PPM
1531313425,"549
"
time,CO2 IN PPM
1531313510,"549
"
time,CO2 IN PPM
1531313594,"540
"
time,CO2 IN PPM
1531313679,"541
"
time,CO2 IN PPM
1531313763,"547
"
time,CO2 IN PPM
1531313848,"544
"
time,CO2 IN PPM
1531313932,"544
"
time,CO2 IN PPM
1531314017,"542
"
time,CO2 IN PPM
1531314101,"547
"
time,CO2 IN PPM
1531314186,"527
"
time,CO2 IN PPM
1531314271,"521
"
time,CO2 IN PPM
1531314355,"531
"
time,CO2 IN PPM
1531314440,"538
"
time,CO2 IN PPM
1531314524,"532
"
time,CO2 IN PPM
1531314609,"540
"
time,CO2 IN PPM
1531314693,"519
"
time,CO2 IN PPM
1531314778,"534
"
time,CO2 IN PPM
1531314862,"521
"
time,CO2 IN PPM
1531314947,"539
"
time,CO2 IN PPM
1531315031,"526
"
time,CO2 IN PPM
1531315116,"507
"
time,CO2 IN PPM
1531315200,"516
"
time,CO2 IN PPM
1531315285,"529
"
time,CO2 IN PPM
1531315369,"514
"
time,CO2 IN PPM
1531315454,"510
"
time,CO2 IN PPM
1531315538,"510
"
time,CO2 IN PPM
1531315623,"512
"
time,CO2 IN PPM
1531315707,"514
"
time,CO2 IN PPM
1531315792,"510
"
time,CO2 IN PPM
1531315876,"512
"
time,CO2 IN PPM
1531315961,"505
"
time,CO2 IN PPM
1531316046,"509
"
time,CO2 IN PPM
1531316130,"505
"
time,CO2 IN PPM
1531316215,"497
"
time,CO2 IN PPM
1531316299,"496
"
time,CO2 IN PPM
1531316384,"496
"
time,CO2 IN PPM
1531316468,"502
"
time,CO2 IN PPM
1531316553,"503
"
time,CO2 IN PPM
1531316637,"503
"
time,CO2 IN PPM
1531316722,"501
"
time,CO2 IN PPM
1531316806,"486
"
time,CO2 IN PPM
1531316891,"508
"
time,CO2 IN PPM
1531316975,"496
"
time,CO2 IN PPM
1531317060,"486
"
time,CO2 IN PPM
1531317145,"497
"
time,CO2 IN PPM
1531317229,"500
"
time,CO2 IN PPM
1531317314,"475
"
time,CO2 IN PPM
1531317398,"499
"
time,CO2 IN PPM
1531317483,"493
"
time,CO2 IN PPM
1531317567,"487
"
time,CO2 IN PPM
1531317652,"487
"
time,CO2 IN PPM
1531317736,"488
"
time,CO2 IN PPM
1531317821,"486
"
time,CO2 IN PPM
1531317905,"496
"
time,CO2 IN PPM
1531317990,"483
"
time,CO2 IN PPM
1531318074,"482
"
time,CO2 IN PPM
1531318159,"486
"
time,CO2 IN PPM
1531318243,"488
"
time,CO2 IN PPM
1531318328,"484
"
time,CO2 IN PPM
1531318412,"492
"
time,CO2 IN PPM
1531318497,"473
"
time,CO2 IN PPM
1531318581,"491
"
time,CO2 IN PPM
1531318666,"484
"
time,CO2 IN PPM
1531318751,"480
"
time,CO2 IN PPM
1531318835,"479
"
time,CO2 IN PPM
1531318920,"484
"
time,CO2 IN PPM
1531319004,"474
"
time,CO2 IN PPM
1531319089,"476
"
time,CO2 IN PPM
1531319173,"475
"
time,CO2 IN PPM
1531319258,"490
"
time,CO2 IN PPM
1531319342,"474
"
time,CO2 IN PPM
1531319427,"484
"
time,CO2 IN PPM
1531319511,"462
"
time,CO2 IN PPM
1531319596,"474
"
time,CO2 IN PPM
1531319680,"478
"
time,CO2 IN PPM
1531319765,"483
"
time,CO2 IN PPM
1531319849,"468
"
time,CO2 IN PPM
1531319934,"474
"
time,CO2 IN PPM
1531320018,"475
"
time,CO2 IN PPM
1531320103,"462
"
time,CO2 IN PPM
1531320187,"470
"
time,CO2 IN PPM
1531320272,"462
"
time,CO2 IN PPM
1531320356,"460
"
time,CO2 IN PPM
1531320441,"477
"
time,CO2 IN PPM
1531320526,"474
"
time,CO2 IN PPM
1531320610,"465
"
time,CO2 IN PPM
1531320695,"473
"
time,CO2 IN PPM
1531320779,"473
"
time,CO2 IN PPM
1531320864,"465
"
time,CO2 IN PPM
1531320948,"468
"
time,CO2 IN PPM
1531321033,"470
"
time,CO2 IN PPM
1531321117,"449
"
time,CO2 IN PPM
1531321202,"474
"
time,CO2 IN PPM
1531321286,"456
"
time,CO2 IN PPM
1531321371,"465
"
time,CO2 IN PPM
1531321456,"458
"
time,CO2 IN PPM
1531321540,"453
"
time,CO2 IN PPM
1531321625,"450
"
time,CO2 IN PPM
1531321709,"460
"
time,CO2 IN PPM
1531321794,"472
"
time,CO2 IN PPM
1531321878,"451
"
time,CO2 IN PPM
1531321963,"464
"
time,CO2 IN PPM
1531322047,"469
"
time,CO2 IN PPM
1531322132,"447
"
time,CO2 IN PPM
1531322216,"448
"
time,CO2 IN PPM
1531322301,"449
"
time,CO2 IN PPM
1531322385,"463
"
time,CO2 IN PPM
1531322470,"463
"
time,CO2 IN PPM
1531322554,"448
"
time,CO2 IN PPM
1531322639,"453
"
time,CO2 IN PPM
1531322723,"463
"
time,CO2 IN PPM
1531322808,"451
"
time,CO2 IN PPM
1531322892,"450
"
time,CO2 IN PPM
1531322977,"455
"
time,CO2 IN PPM
1531323061,"449
"
time,CO2 IN PPM
1531323146,"441
"
time,CO2 IN PPM
1531323231,"451
"
time,CO2 IN PPM
1531323315,"457
"
time,CO2 IN PPM
1531323400,"443
"
time,CO2 IN PPM
1531323484,"446
"
time,CO2 IN PPM
1531323569,"445
"
time,CO2 IN PPM
1531323653,"452
"
time,CO2 IN PPM
1531323738,"447
"
time,CO2 IN PPM
1531323822,"456
"
time,CO2 IN PPM
1531323907,"440
"
time,CO2 IN PPM
1531323991,"446
"
time,CO2 IN PPM
1531324076,"441
"
time,CO2 IN PPM
1531324160,"451
"
time,CO2 IN PPM
1531324245,"453
"
time,CO2 IN PPM
1531324329,"450
"
time,CO2 IN PPM
1531324414,"458
"
time,CO2 IN PPM
1531324498,"451
"
time,CO2 IN PPM
1531324583,"452
"
time,CO2 IN PPM
1531324667,"442
"
time,CO2 IN PPM
1531324752,"439
"
time,CO2 IN PPM
1531324837,"456
"
time,CO2 IN PPM
1531324921,"446
"
time,CO2 IN PPM
1531325006,"445
"
time,CO2 IN PPM
1531325090,"448
"
time,CO2 IN PPM
1531325175,"451
"
time,CO2 IN PPM
1531325259,"442
"
time,CO2 IN PPM
1531325344,"443
"
time,CO2 IN PPM
1531325428,"439
"
time,CO2 IN PPM
1531325513,"440
"
time,CO2 IN PPM
1531325597,"435
"
time,CO2 IN PPM
1531325682,"453
"
time,CO2 IN PPM
1531325766,"444
"
time,CO2 IN PPM
1531325851,"430
"
time,CO2 IN PPM
1531325935,"446
"
time,CO2 IN PPM
1531326020,"443
"
time,CO2 IN PPM
1531326104,"434
"
time,CO2 IN PPM
1531326189,"436
"
time,CO2 IN PPM
1531326273,"446
"
time,CO2 IN PPM
1531326358,"441
"
time,CO2 IN PPM
1531326442,"436
"
time,CO2 IN PPM
1531326527,"439
"
time,CO2 IN PPM
1531326612,"442
"
time,CO2 IN PPM
1531326696,"438
"
time,CO2 IN PPM
1531326781,"446
"
time,CO2 IN PPM
1531326865,"435
"
time,CO2 IN PPM
1531326950,"439
"
time,CO2 IN PPM
1531327034,"446
"
time,CO2 IN PPM
1531327119,"439
"
time,CO2 IN PPM
1531327203,"433
"
time,CO2 IN PPM
1531327288,"440
"
time,CO2 IN PPM
1531327372,"440
"
time,CO2 IN PPM
1531327457,"436
"
time,CO2 IN PPM
1531327541,"437
"
time,CO2 IN PPM
1531327626,"431
"
time,CO2 IN PPM
1531327710,"433
"
time,CO2 IN PPM
1531327795,"439
"
time,CO2 IN PPM
1531327879,"434
"
time,CO2 IN PPM
1531327964,"428
"
time,CO2 IN PPM
1531328048,"439
"
time,CO2 IN PPM
1531328133,"432
"
time,CO2 IN PPM
1531328217,"429
"
time,CO2 IN PPM
1531328302,"439
"
time,CO2 IN PPM
1531328386,"431
"
time,CO2 IN PPM
1531328471,"431
"
time,CO2 IN PPM
1531328556,"440
"
time,CO2 IN PPM
1531328640,"441
"
time,CO2 IN PPM
1531328725,"440
"
time,CO2 IN PPM
1531328809,"435
"
time,CO2 IN PPM
1531328894,"427
"
time,CO2 IN PPM
1531328978,"428
"
time,CO2 IN PPM
1531329063,"437
"
time,CO2 IN PPM
1531329147,"429
"
time,CO2 IN PPM
1531329232,"440
"
time,CO2 IN PPM
1531329316,"430
"
time,CO2 IN PPM
1531329401,"426
"
time,CO2 IN PPM
1531329485,"437
"
time,CO2 IN PPM
1531329570,"424
"
time,CO2 IN PPM
1531329654,"432
"
time,CO2 IN PPM
1531329739,"436
"
time,CO2 IN PPM
1531329823,"427
"
time,CO2 IN PPM
1531329908,"418
"
time,CO2 IN PPM
1531329992,"438
"
time,CO2 IN PPM
1531330077,"433
"
time,CO2 IN PPM
1531330161,"425
"
time,CO2 IN PPM
1531330246,"432
"
time,CO2 IN PPM
1531330331,"427
"
time,CO2 IN PPM
1531330415,"434
"
time,CO2 IN PPM
1531330500,"434
"
time,CO2 IN PPM
1531330584,"427
"
time,CO2 IN PPM
1531330669,"427
"
time,CO2 IN PPM
1531330753,"436
"
time,CO2 IN PPM
1531330838,"434
"
time,CO2 IN PPM
1531330922,"432
"
time,CO2 IN PPM
1531331007,"428
"
time,CO2 IN PPM
1531331091,"427
"
time,CO2 IN PPM
1531331176,"426
"
time,CO2 IN PPM
1531331260,"422
"
time,CO2 IN PPM
1531331345,"422
"
time,CO2 IN PPM
1531331429,"432
"
time,CO2 IN PPM
1531331514,"440
"
time,CO2 IN PPM
1531331598,"426
"
time,CO2 IN PPM
1531331683,"426
"
time,CO2 IN PPM
1531331767,"435
"
time,CO2 IN PPM
1531331852,"431
"
time,CO2 IN PPM
1531331936,"432
"
time,CO2 IN PPM
1531332021,"428
"
time,CO2 IN PPM
1531332106,"431
"
time,CO2 IN PPM
1531332190,"427
"
time,CO2 IN PPM
1531332275,"439
"
time,CO2 IN PPM
1531332359,"420
"
time,CO2 IN PPM
1531332444,"428
"
time,CO2 IN PPM
1531332528,"438
"
time,CO2 IN PPM
1531332613,"433
"
time,CO2 IN PPM
1531332697,"428
"
time,CO2 IN PPM
1531332782,"425
"
time,CO2 IN PPM
1531332866,"430
"
time,CO2 IN PPM
1531332951,"446
"
time,CO2 IN PPM
1531333035,"431
"
time,CO2 IN PPM
1531333120,"424
"
time,CO2 IN PPM
1531333204,"419
"
time,CO2 IN PPM
1531333289,"425
"
time,CO2 IN PPM
1531333373,"423
"
time,CO2 IN PPM
1531333458,"434
"
time,CO2 IN PPM
1531333542,"426
"
time,CO2 IN PPM
1531333627,"436
"
time,CO2 IN PPM
1531333711,"428
"
time,CO2 IN PPM
1531333796,"428
"
time,CO2 IN PPM
1531333881,"412
"
time,CO2 IN PPM
1531333965,"429
"
time,CO2 IN PPM
1531334050,"431
"
time,CO2 IN PPM
1531334134,"425
"
time,CO2 IN PPM
1531334219,"437
"
time,CO2 IN PPM
1531334303,"430
"
time,CO2 IN PPM
1531334388,"430
"
time,CO2 IN PPM
1531334472,"436
"
time,CO2 IN PPM
1531334557,"430
"
time,CO2 IN PPM
1531334641,"428
"
time,CO2 IN PPM
1531334726,"423
"
time,CO2 IN PPM
1531334810,"424
"
time,CO2 IN PPM
1531334895,"427
"
time,CO2 IN PPM
1531334979,"424
"
time,CO2 IN PPM
1531335064,"429
"
time,CO2 IN PPM
1531335148,"423
"
time,CO2 IN PPM
1531335233,"426
"
time,CO2 IN PPM
1531335317,"425
"
time,CO2 IN PPM
1531335402,"428
"
time,CO2 IN PPM
1531335486,"438
"
time,CO2 IN PPM
1531335571,"434
"
time,CO2 IN PPM
1531335656,"427
"
time,CO2 IN PPM
1531335740,"426
"
time,CO2 IN PPM
1531335825,"426
"
time,CO2 IN PPM
1531335909,"412
"
time,CO2 IN PPM
1531335994,"423
"
time,CO2 IN PPM
1531336078,"420
"
time,CO2 IN PPM
1531336163,"420
"
time,CO2 IN PPM
1531336247,"425
"
time,CO2 IN PPM
1531336332,"435
"
time,CO2 IN PPM
1531336416,"425
"
time,CO2 IN PPM
1531336501,"430
"
time,CO2 IN PPM
1531336585,"421
"
time,CO2 IN PPM
1531336670,"425
"
time,CO2 IN PPM
1531336754,"432
"
time,CO2 IN PPM
1531336839,"436
"
time,CO2 IN PPM
1531336923,"421
"
time,CO2 IN PPM
1531337008,"429
"
time,CO2 IN PPM
1531337092,"426
"
time,CO2 IN PPM
1531337177,"427
"
time,CO2 IN PPM
1531337261,"422
"
time,CO2 IN PPM
1531337346,"428
"
time,CO2 IN PPM
1531337431,"442
"
time,CO2 IN PPM
1531337515,"421
"
time,CO2 IN PPM
1531337600,"416
"
time,CO2 IN PPM
1531337684,"427
"
time,CO2 IN PPM
1531337769,"428
"
time,CO2 IN PPM
1531337853,"439
"
time,CO2 IN PPM
1531337938,"428
"
time,CO2 IN PPM
1531338022,"425
"
time,CO2 IN PPM
1531338107,"426
"
time,CO2 IN PPM
1531338191,"433
"
time,CO2 IN PPM
1531338276,"426
"
time,CO2 IN PPM
1531338360,"425
"
time,CO2 IN PPM
1531338445,"433
"
time,CO2 IN PPM
1531338530,"422
"
time,CO2 IN PPM
1531338614,"434
"
time,CO2 IN PPM
1531338699,"428
"
time,CO2 IN PPM
1531338783,"426
"
time,CO2 IN PPM
1531338868,"431
"
time,CO2 IN PPM
1531338952,"431
"
time,CO2 IN PPM
1531339037,"419
"
time,CO2 IN PPM
1531339121,"415
"
time,CO2 IN PPM
1531339206,"416
"
time,CO2 IN PPM
1531339290,"413
"
time,CO2 IN PPM
1531339375,"437
"
time,CO2 IN PPM
1531339459,"423
"
time,CO2 IN PPM
1531339544,"429
"
time,CO2 IN PPM
1531339628,"427
"
time,CO2 IN PPM
1531339713,"424
"
time,CO2 IN PPM
1531339797,"417
"
time,CO2 IN PPM
1531339882,"414
"
time,CO2 IN PPM
1531339966,"430
"
time,CO2 IN PPM
1531340051,"435
"
time,CO2 IN PPM
1531340135,"425
"
time,CO2 IN PPM
1531340220,"433
"
time,CO2 IN PPM
1531340305,"426
"
time,CO2 IN PPM
1531340389,"427
"
time,CO2 IN PPM
1531340474,"418
"
time,CO2 IN PPM
1531340558,"421
"
time,CO2 IN PPM
1531340643,"423
"
time,CO2 IN PPM
1531340727,"433
"
time,CO2 IN PPM
1531340812,"438
"
time,CO2 IN PPM
1531340896,"427
"
time,CO2 IN PPM
1531340981,"424
"
time,CO2 IN PPM
1531341065,"415
"
time,CO2 IN PPM
1531341150,"428
"
time,CO2 IN PPM
1531341234,"432
"
time,CO2 IN PPM
1531341319,"422
"
time,CO2 IN PPM
1531341403,"424
"
time,CO2 IN PPM
1531341488,"428
"
time,CO2 IN PPM
1531341572,"435
"
time,CO2 IN PPM
1531341657,"416
"
time,CO2 IN PPM
1531341741,"423
"
time,CO2 IN PPM
1531341826,"421
"
time,CO2 IN PPM
1531341910,"418
"
time,CO2 IN PPM
1531341995,"429
"
time,CO2 IN PPM
1531342080,"419
"
time,CO2 IN PPM
1531342164,"426
"
time,CO2 IN PPM
1531342249,"417
"
time,CO2 IN PPM
1531342333,"428
"
time,CO2 IN PPM
1531342418,"421
"
time,CO2 IN PPM
1531342502,"418
"
time,CO2 IN PPM
1531342587,"426
"
time,CO2 IN PPM
1531342671,"420
"
time,CO2 IN PPM
1531342756,"424
"
time,CO2 IN PPM
1531342840,"420
"
time,CO2 IN PPM
1531342925,"413
"
time,CO2 IN PPM
1531343009,"430
"
time,CO2 IN PPM
1531343094,"422
"
time,CO2 IN PPM
1531343178,"412
"
time,CO2 IN PPM
1531343263,"419
"
time,CO2 IN PPM
1531343347,"412
"
time,CO2 IN PPM
1531343432,"426
"
time,CO2 IN PPM
1531343516,"420
"
time,CO2 IN PPM
1531343601,"422
"
time,CO2 IN PPM
1531343685,"414
"
time,CO2 IN PPM
1531343770,"409
"
time,CO2 IN PPM
1531343854,"424
"
time,CO2 IN PPM
1531343939,"434
"
time,CO2 IN PPM
1531344024,"428
"
time,CO2 IN PPM
1531344108,"402
"
time,CO2 IN PPM
1531344193,"415
"
time,CO2 IN PPM
1531344277,"419
"
time,CO2 IN PPM
1531344362,"435
"
time,CO2 IN PPM
1531344446,"426
"
time,CO2 IN PPM
1531344531,"431
"
time,CO2 IN PPM
1531344615,"417
"
time,CO2 IN PPM
1531344700,"410
"
time,CO2 IN PPM
1531344784,"431
"
time,CO2 IN PPM
1531344869,"423
"
time,CO2 IN PPM
1531344953,"410
"
time,CO2 IN PPM
1531345038,"429
"
time,CO2 IN PPM
1531345122,"420
"
time,CO2 IN PPM
1531345207,"428
"
time,CO2 IN PPM
1531345291,"428
"
time,CO2 IN PPM
1531345376,"421
"
time,CO2 IN PPM
1531345460,"421
"
time,CO2 IN PPM
1531345545,"433
"
time,CO2 IN PPM
1531345629,"422
"
time,CO2 IN PPM
1531345714,"432
"
time,CO2 IN PPM
1531345799,"420
"
time,CO2 IN PPM
1531345883,"426
"
time,CO2 IN PPM
1531345968,"419
"
time,CO2 IN PPM
1531346052,"417
"
time,CO2 IN PPM
1531346137,"414
"
time,CO2 IN PPM
1531346221,"419
"
time,CO2 IN PPM
1531346306,"422
"
time,CO2 IN PPM
1531346390,"420
"
time,CO2 IN PPM
1531346475,"416
"
time,CO2 IN PPM
1531346559,"423
"
time,CO2 IN PPM
1531346644,"429
"
time,CO2 IN PPM
1531346728,"419
"
time,CO2 IN PPM
1531346813,"421
"
time,CO2 IN PPM
1531346898,"426
"
time,CO2 IN PPM
1531346982,"428
"
time,CO2 IN PPM
1531347067,"417
"
time,CO2 IN PPM
1531347151,"416
"
time,CO2 IN PPM
1531347236,"423
"
time,CO2 IN PPM
1531347320,"433
"
time,CO2 IN PPM
1531347405,"420
"
time,CO2 IN PPM
1531347489,"407
"
time,CO2 IN PPM
1531347574,"427
"
time,CO2 IN PPM
1531347658,"419
"
time,CO2 IN PPM
1531347743,"420
"
time,CO2 IN PPM
1531347827,"416
"
time,CO2 IN PPM
1531347912,"419
"
time,CO2 IN PPM
1531347996,"418
"
